{
  "modes":{
    "watch":{
      "playtime":371.7
    },
    "freebattle":{
      "playtime":729.6166666666667
    },
    "versus":{
      "playtime":52.983333333333334
    }
  },
  "playtime":1154.3
}