{
  "modes":{
    "watch":{
      "playtime":371.7
    },
    "freebattle":{
      "playtime":2783.2333333333336
    },
    "versus":{
      "playtime":307.1333333333333
    },
    "netplayversus":{
      "playtime":4441.4
    }
  },
  "playtime":7903.466666666668
}