{
  "modes":{
    "watch":{
      "playtime":371.7
    },
    "freebattle":{
      "playtime":1260.95
    },
    "versus":{
      "playtime":52.983333333333334
    }
  },
  "playtime":1685.6333333333332
}