{
  "modes":{
    "watch":{
      "playtime":371.7
    },
    "freebattle":{
      "playtime":143.36666666666667
    }
  },
  "playtime":515.0666666666666
}