{
  "modes":{
    "watch":{
      "playtime":371.7
    },
    "freebattle":{
      "playtime":2783.2333333333336
    },
    "versus":{
      "playtime":307.1333333333333
    },
    "netplayversus":{
      "playtime":5677.583333333332
    }
  },
  "playtime":9139.650000000003
}