{
  "modes":{
    "watch":{
      "playtime":371.7
    },
    "freebattle":{
      "playtime":1260.95
    },
    "versus":{
      "playtime":52.983333333333334
    },
    "netplayversus":{
      "playtime":2688.5333333333333
    }
  },
  "playtime":4374.166666666667
}