{
  "modes":{
    "watch":{
      "playtime":1315.4833333333331
    },
    "freebattle":{
      "playtime":4875.766666666667
    },
    "versus":{
      "playtime":513.7
    },
    "netplayversus":{
      "playtime":7701.450000000001
    }
  },
  "playtime":14406.400000000005
}