{
  "modes":{
    "watch":{
      "playtime":371.7
    },
    "freebattle":{
      "playtime":1260.95
    },
    "versus":{
      "playtime":52.983333333333334
    },
    "netplayversus":{
      "playtime":1117.3333333333333
    }
  },
  "playtime":2802.9666666666667
}