{
  "modes":{
    "watch":{
      "playtime":371.7
    },
    "freebattle":{
      "playtime":2783.2333333333336
    },
    "versus":{
      "playtime":307.1333333333333
    },
    "netplayversus":{
      "playtime":7308.349999999999
    }
  },
  "playtime":10770.416666666673
}