{
  "modes":{
    "watch":{
      "playtime":371.7
    },
    "freebattle":{
      "playtime":2783.2333333333336
    },
    "versus":{
      "playtime":52.983333333333334
    },
    "netplayversus":{
      "playtime":2688.5333333333333
    }
  },
  "playtime":5896.450000000001
}