{
  "modes":{
    "watch":{
      "playtime":803
    },
    "freebattle":{
      "playtime":2783.2333333333336
    },
    "versus":{
      "playtime":347.26666666666665
    },
    "netplayversus":{
      "playtime":7701.450000000001
    }
  },
  "playtime":11634.950000000006
}